url,referrer,title
https://en.wikipedia.org/wiki/Chile,https://en.wikipedia.org/wiki/History_of_agriculture,Chile
https://en.wikipedia.org/wiki/Perm,https://en.wikipedia.org/wiki/The_Master_and_Margaret,Perm
https://en.wikipedia.org/wiki/Kabardino-Balkaria,https://en.wikipedia.org/wiki/Moscow,Kabardino-Balkaria
https://en.wikipedia.org/wiki/Buryatia,https://en.wikipedia.org/wiki/Moscow,Buryatia
https://en.wikipedia.org/wiki/Altai_Republic,https://en.wikipedia.org/wiki/Moscow,Altai Republic
https://en.wikipedia.org/wiki/Kalmykia,https://en.wikipedia.org/wiki/Moscow,Kalmykia
https://en.wikipedia.org/wiki/Dagestan,https://en.wikipedia.org/wiki/Moscow,Dagestan
https://en.wikipedia.org/wiki/Chuvashia,https://en.wikipedia.org/wiki/Moscow,Chuvashia
https://en.wikipedia.org/wiki/Bashkortostan,https://en.wikipedia.org/wiki/Moscow,Bashkortostan
https://en.wikipedia.org/wiki/Chechnya,https://en.wikipedia.org/wiki/Moscow,Chechnya
https://en.wikipedia.org/wiki/Adygea,https://en.wikipedia.org/wiki/Moscow,Adygea
https://en.wikipedia.org/wiki/Saint_Helier,https://en.wikipedia.org/wiki/Moscow,Saint Helier
https://en.wikipedia.org/wiki/Ingushetia,https://en.wikipedia.org/wiki/Moscow,Ingushetia
https://en.wikipedia.org/wiki/Moscow,https://en.wikipedia.org/wiki/The_Master_and_Margaret,Moscow
"https://en.wikipedia.org/wiki/Douglas,_Isle_of_Man",https://en.wikipedia.org/wiki/Moscow,"Douglas, Isle of Man"
https://en.wikipedia.org/wiki/Andorra,https://en.wikipedia.org/wiki/Moscow,Andorra
https://en.wikipedia.org/wiki/Bern,https://en.wikipedia.org/wiki/Moscow,Bern
https://en.wikipedia.org/wiki/Luxembourg_City,https://en.wikipedia.org/wiki/Moscow,Luxembourg City
"https://en.wikipedia.org/wiki/Moscow,_Idaho",https://en.wikipedia.org/wiki/Category:Moscow,"Moscow, Idaho"
https://en.wikipedia.org/wiki/Massawa,https://en.wikipedia.org/wiki/Portal:Military_history_of_Africa,Massawa
https://en.wikipedia.org/wiki/Transvaal_Province,https://en.wikipedia.org/wiki/History_of_Africa,Transvaal Province
https://en.wikipedia.org/wiki/Obiaruku,https://en.wikipedia.org/wiki/History_of_Africa,Obiaruku
https://en.wikipedia.org/wiki/Buganda_kingdom,https://en.wikipedia.org/wiki/History_of_Africa,Buganda
https://en.wikipedia.org/wiki/Gao,https://en.wikipedia.org/wiki/History_of_Africa,Gao
https://en.wikipedia.org/wiki/Quelimane,https://en.wikipedia.org/wiki/History_of_Africa,Quelimane
https://en.wikipedia.org/wiki/Owerri,https://en.wikipedia.org/wiki/History_of_Africa,Owerri
https://en.wikipedia.org/wiki/Sarawak,https://en.wikipedia.org/wiki/The_British_Museum,Sarawak
"https://en.wikipedia.org/wiki/Cornhill,_London",https://en.wikipedia.org/wiki/The_British_Museum,"Cornhill, London"
https://en.wikipedia.org/wiki/Tring,https://en.wikipedia.org/wiki/Freesat,Tring
https://en.wikipedia.org/wiki/Three_Rivers_(district),https://en.wikipedia.org/wiki/Tring,Three Rivers District
https://en.wikipedia.org/wiki/Woolmer_Green,https://en.wikipedia.org/wiki/Tring,Woolmer Green
https://en.wikipedia.org/wiki/Northaw_and_Cuffley,https://en.wikipedia.org/wiki/Tring,Northaw and Cuffley
https://en.wikipedia.org/wiki/Welwyn,https://en.wikipedia.org/wiki/Tring,Welwyn
"https://en.wikipedia.org/wiki/Essendon,_Hertfordshire",https://en.wikipedia.org/wiki/Tring,"Essendon, Hertfordshire"
"https://en.wikipedia.org/wiki/Benington,_Hertfordshire",https://en.wikipedia.org/wiki/Tring,"Benington, Hertfordshire"
https://en.wikipedia.org/wiki/Watford,https://en.wikipedia.org/wiki/Tring,Watford
https://en.wikipedia.org/wiki/Chiba_Prefecture,https://en.wikipedia.org/wiki/Solar_array,Chiba Prefecture
https://en.wikipedia.org/wiki/Quantock_Hills,"https://en.wikipedia.org/wiki/Timeline_of_Bath,_Somerset",Quantock Hills
https://en.wikipedia.org/wiki/Lisburn,https://en.wikipedia.org/wiki/Timeline_of_Bristol,Lisburn
https://en.wikipedia.org/wiki/Newry,https://en.wikipedia.org/wiki/Timeline_of_Bristol,Newry
"https://en.wikipedia.org/wiki/Commerce,_Georgia",https://en.wikipedia.org/wiki/Joe_Amato_(dragster_driver),"Commerce, Georgia"
"https://en.wikipedia.org/wiki/Exeter,_Pennsylvania",https://en.wikipedia.org/wiki/Joe_Amato_(dragster_driver),"Exeter, Pennsylvania"
"https://en.wikipedia.org/wiki/Trenton,_New_Jersey",https://en.wikipedia.org/wiki/Mario_Andretti,"Trenton, New Jersey"
"https://en.wikipedia.org/wiki/Niagara_Falls,_Ontario",https://en.wikipedia.org/wiki/1952_NASCAR_Cup_Series,"Niagara Falls, Ontario"
"https://en.wikipedia.org/wiki/Watkins_Glen,_New_York",https://en.wikipedia.org/wiki/2012_NASCAR_Cup_Series,"Watkins Glen, New York"
"https://en.wikipedia.org/wiki/Bristol,_Tennessee",https://en.wikipedia.org/wiki/2012_NASCAR_Cup_Series,"Bristol, Tennessee"
"https://en.wikipedia.org/wiki/Lincoln,_Ontario","https://en.wikipedia.org/wiki/Niagara_Falls,_Ontario","Lincoln, Ontario"
"https://en.wikipedia.org/wiki/Grimsby,_Ontario","https://en.wikipedia.org/wiki/Niagara_Falls,_Ontario","Grimsby, Ontario"
"https://en.wikipedia.org/wiki/Vancouver,_British_Columbia",https://en.wikipedia.org/wiki/Paul_Patrick_Chomnycky,Vancouver
https://en.wikipedia.org/wiki/Boeny,https://en.wikipedia.org/wiki/2013%E2%80%9314_South-West_Indian_Ocean_cyclone_season,Boeny
https://en.wikipedia.org/wiki/Soalala,https://en.wikipedia.org/wiki/2013%E2%80%9314_South-West_Indian_Ocean_cyclone_season,Soalala
https://en.wikipedia.org/wiki/Mahajanga,https://en.wikipedia.org/wiki/2013%E2%80%9314_South-West_Indian_Ocean_cyclone_season,Mahajanga
"https://en.wikipedia.org/wiki/Kanab,_Utah",https://en.wikipedia.org/wiki/Oxyloma_kanabense,"Kanab, Utah"
https://en.wikipedia.org/wiki/Monteverde,https://en.wikipedia.org/wiki/Alouatta_palliata,Monteverde
"https://en.wikipedia.org/wiki/Kaneohe,_Hawaii",https://en.wikipedia.org/wiki/Kenneth_R._Conklin,"Kaneohe, Hawaii"
https://en.wikipedia.org/wiki/Cleckheaton,https://en.wikipedia.org/wiki/List_of_1888%E2%80%9389_New_Zealand_Native_football_team_matches,Cleckheaton
https://en.wikipedia.org/wiki/Dewsbury,https://en.wikipedia.org/wiki/List_of_1888%E2%80%9389_New_Zealand_Native_football_team_matches,Dewsbury
https://en.wikipedia.org/wiki/Wakefield,https://en.wikipedia.org/wiki/List_of_1888%E2%80%9389_New_Zealand_Native_football_team_matches,Wakefield
"https://en.wikipedia.org/wiki/Canisteo_(village),_New_York","https://en.wikipedia.org/wiki/Wauchope,_New_South_Wales","Canisteo (village), New York"
https://en.wikipedia.org/wiki/Snyder_Middleswarth_Natural_Area,https://en.wikipedia.org/wiki/Category:Protected_areas_established_in_1921,Snyder Middleswarth Natural Area
"https://en.wikipedia.org/wiki/Notre-Dame-du-Lac,_Quebec",https://en.wikipedia.org/wiki/Category:Populated_places_established_in_1869,"Notre-Dame-du-Lac, Quebec"
https://en.wikipedia.org/wiki/Nilsi%C3%A4,https://en.wikipedia.org/wiki/Category:Populated_places_established_in_1869,Nilsiä
"https://en.wikipedia.org/wiki/Dawson_County,_Montana",https://en.wikipedia.org/wiki/Category:Populated_places_established_in_1869,"Dawson County, Montana"
https://en.wikipedia.org/wiki/Cabano,"https://en.wikipedia.org/wiki/Notre-Dame-du-Lac,_Quebec",Cabano
"https://en.wikipedia.org/wiki/LaCrosse,_Florida",https://en.wikipedia.org/wiki/Category:Populated_places_established_in_1860,"LaCrosse, Florida"
"https://en.wikipedia.org/wiki/Knox_County,_Maine",https://en.wikipedia.org/wiki/Category:Populated_places_established_in_1860,"Knox County, Maine"
https://en.wikipedia.org/wiki/Zvenigovo,https://en.wikipedia.org/wiki/Category:Populated_places_established_in_1860,Zvenigovo
https://en.wikipedia.org/wiki/Samangan,https://en.wikipedia.org/wiki/Wikipedia:WikiProject_Central_Asia/Assessment,Samangan
https://en.wikipedia.org/wiki/Samangan_Province,https://en.wikipedia.org/wiki/Wikipedia:WikiProject_Central_Asia/Assessment,Samangan Province
https://en.wikipedia.org/wiki/Essakane,https://en.wikipedia.org/wiki/World_music,Essakane
https://en.wikipedia.org/wiki/Navajo_Nation,https://en.wikipedia.org/wiki/World_music,Navajo Nation
https://en.wikipedia.org/wiki/Enumclaw,https://en.wikipedia.org/wiki/Bestiality,"Enumclaw, Washington"
https://en.wikipedia.org/wiki/Howth,https://en.wikipedia.org/wiki/Timeline_of_U2,Howth
"https://en.wikipedia.org/wiki/Moncton,_New_Brunswick",https://en.wikipedia.org/wiki/Timeline_of_U2,Moncton
https://en.wikipedia.org/wiki/Pan_American_Health_Organization,https://en.wikipedia.org/wiki/Washington_DC.,Pan American Health Organization
https://en.wikipedia.org/wiki/Washington_DC.,https://en.wikipedia.org/wiki/Timeline_of_U2,"Washington, D.C."
https://en.wikipedia.org/wiki/Federal_Government_of_Somalia,https://en.wikipedia.org/wiki/Foreign_relations_of_the_United_States,Federal Government of Somalia
"https://en.wikipedia.org/wiki/Marigot,_Saint_Martin",https://en.wikipedia.org/wiki/Washington_DC.,"Marigot, Saint Martin"
https://en.wikipedia.org/wiki/Kralendijk,https://en.wikipedia.org/wiki/Washington_DC.,Kralendijk
"https://en.wikipedia.org/wiki/Oranjestad,_Sint_Eustatius",https://en.wikipedia.org/wiki/Washington_DC.,"Oranjestad, Sint Eustatius"
"https://en.wikipedia.org/wiki/Oranjestad,_Aruba",https://en.wikipedia.org/wiki/Washington_DC.,"Oranjestad, Aruba"
https://en.wikipedia.org/wiki/Willemstad,https://en.wikipedia.org/wiki/Washington_DC.,Willemstad
https://en.wikipedia.org/wiki/Managua,https://en.wikipedia.org/wiki/Washington_DC.,Managua
https://en.wikipedia.org/wiki/Kingdom_of_Denmark,https://en.wikipedia.org/wiki/Washington_DC.,Denmark
https://en.wikipedia.org/wiki/Next_Eleven,https://en.wikipedia.org/wiki/Hasan_Rowhani,Next Eleven
https://en.wikipedia.org/wiki/Kar%C5%9F%C4%B1yaka,https://en.wikipedia.org/wiki/Republic_Protests,Karşıyaka
https://en.wikipedia.org/wiki/Miquelon-Langlade,https://en.wikipedia.org/wiki/List_of_countries_by_lowest_point,Miquelon-Langlade
https://en.wikipedia.org/wiki/Arima,https://en.wikipedia.org/wiki/El_Cerro_del_Aripo,Arima
"https://en.wikipedia.org/wiki/Walland,_Tennessee",https://en.wikipedia.org/wiki/Cove_(Appalachian_Mountains),"Walland, Tennessee"
https://en.wikipedia.org/wiki/North_of_England,https://en.wikipedia.org/wiki/Walking_in_the_United_Kingdom,Northern England
"https://en.wikipedia.org/wiki/Jamestown,_Virginia",https://en.wikipedia.org/wiki/History_of_monarchy_in_Canada,"Jamestown, Virginia"
https://en.wikipedia.org/wiki/Newent,https://en.wikipedia.org/wiki/List_of_towns_in_England,Newent
"https://en.wikipedia.org/wiki/Heathfield,_East_Sussex",https://en.wikipedia.org/wiki/List_of_towns_in_England,"Heathfield, East Sussex"
https://en.wikipedia.org/wiki/Newbiggin-by-the-Sea,https://en.wikipedia.org/wiki/List_of_towns_in_England,Newbiggin-by-the-Sea
"https://en.wikipedia.org/wiki/Newhaven,_East_Sussex",https://en.wikipedia.org/wiki/List_of_towns_in_England,"Newhaven, East Sussex"
https://en.wikipedia.org/wiki/New_Romney,https://en.wikipedia.org/wiki/List_of_towns_in_England,New Romney
"https://en.wikipedia.org/wiki/Newmarket,_Suffolk",https://en.wikipedia.org/wiki/List_of_towns_in_England,"Newmarket, Suffolk"
https://en.wikipedia.org/wiki/Needham_Market,https://en.wikipedia.org/wiki/List_of_towns_in_England,Needham Market
"https://en.wikipedia.org/wiki/Newport,_Isle_of_Wight",https://en.wikipedia.org/wiki/List_of_towns_in_England,"Newport, Isle of Wight"
https://en.wikipedia.org/wiki/Newark-on-Trent,https://en.wikipedia.org/wiki/List_of_towns_in_England,Newark-on-Trent
https://en.wikipedia.org/wiki/New_Mills,https://en.wikipedia.org/wiki/List_of_towns_in_England,New Mills
https://en.wikipedia.org/wiki/Rowley_Regis,https://en.wikipedia.org/wiki/List_of_towns_in_England,Rowley Regis
"https://en.wikipedia.org/wiki/Rothwell,_Northamptonshire",https://en.wikipedia.org/wiki/List_of_towns_in_England,"Rothwell, Northamptonshire"
https://en.wikipedia.org/wiki/New_Alresford,https://en.wikipedia.org/wiki/List_of_towns_in_England,New Alresford
https://en.wikipedia.org/wiki/Pershore,https://en.wikipedia.org/wiki/List_of_towns_in_England,Pershore
https://en.wikipedia.org/wiki/Newcastle-under-Lyme,https://en.wikipedia.org/wiki/List_of_towns_in_England,Newcastle-under-Lyme
https://en.wikipedia.org/wiki/Rushden,https://en.wikipedia.org/wiki/List_of_towns_in_England,Rushden
https://en.wikipedia.org/wiki/Rugeley,https://en.wikipedia.org/wiki/List_of_towns_in_England,Rugeley
https://en.wikipedia.org/wiki/Snaith_and_Cowick,https://en.wikipedia.org/wiki/List_of_towns_in_England,Snaith and Cowick
https://en.wikipedia.org/wiki/Royal_Wootton_Bassett,https://en.wikipedia.org/wiki/List_of_towns_in_England,Royal Wootton Bassett
https://en.wikipedia.org/wiki/Neston,https://en.wikipedia.org/wiki/List_of_towns_in_England,Neston
https://en.wikipedia.org/wiki/Silloth,https://en.wikipedia.org/wiki/List_of_towns_in_England,Silloth
https://en.wikipedia.org/wiki/Peterlee,https://en.wikipedia.org/wiki/List_of_towns_in_England,Peterlee
https://en.wikipedia.org/wiki/Soham,https://en.wikipedia.org/wiki/List_of_towns_in_England,Soham
"https://en.wikipedia.org/wiki/Nelson,_Lancashire",https://en.wikipedia.org/wiki/List_of_towns_in_England,"Nelson, Lancashire"
https://en.wikipedia.org/wiki/Snodland,https://en.wikipedia.org/wiki/List_of_towns_in_England,Snodland
"https://en.wikipedia.org/wiki/Topsham,_Devon",https://en.wikipedia.org/wiki/List_of_towns_in_England,"Topsham, Devon"
https://en.wikipedia.org/wiki/Stow-on-the-Wold,https://en.wikipedia.org/wiki/List_of_towns_in_England,Stow-on-the-Wold
https://en.wikipedia.org/wiki/Stowmarket,https://en.wikipedia.org/wiki/List_of_towns_in_England,Stowmarket
https://en.wikipedia.org/wiki/Petersfield,https://en.wikipedia.org/wiki/List_of_towns_in_England,Petersfield
https://en.wikipedia.org/wiki/Sittingbourne,https://en.wikipedia.org/wiki/List_of_towns_in_England,Sittingbourne
https://en.wikipedia.org/wiki/Torpoint,https://en.wikipedia.org/wiki/List_of_towns_in_England,Torpoint
https://en.wikipedia.org/wiki/Smethwick,https://en.wikipedia.org/wiki/List_of_towns_in_England,Smethwick
https://en.wikipedia.org/wiki/Tow_Law,https://en.wikipedia.org/wiki/List_of_towns_in_England,Tow Law
https://en.wikipedia.org/wiki/Wigton,https://en.wikipedia.org/wiki/List_of_towns_in_England,Wigton
https://en.wikipedia.org/wiki/Totton_and_Eling,https://en.wikipedia.org/wiki/List_of_towns_in_England,Totton and Eling
https://en.wikipedia.org/wiki/Willenhall,https://en.wikipedia.org/wiki/List_of_towns_in_England,Willenhall
https://en.wikipedia.org/wiki/Wickwar,https://en.wikipedia.org/wiki/List_of_towns_in_England,Wickwar
https://en.wikipedia.org/wiki/Wickham,https://en.wikipedia.org/wiki/List_of_towns_in_England,Wickham
https://en.wikipedia.org/wiki/Skegness,https://en.wikipedia.org/wiki/List_of_towns_in_England,Skegness
https://en.wikipedia.org/wiki/Wallsend,https://en.wikipedia.org/wiki/List_of_towns_in_England,Wallsend
https://en.wikipedia.org/wiki/Tonbridge,https://en.wikipedia.org/wiki/List_of_towns_in_England,Tonbridge
https://en.wikipedia.org/wiki/Waltham_Abbey_(town),https://en.wikipedia.org/wiki/List_of_towns_in_England,Waltham Abbey (town)
https://en.wikipedia.org/wiki/Sleaford,https://en.wikipedia.org/wiki/List_of_towns_in_England,Sleaford
https://en.wikipedia.org/wiki/Yate,https://en.wikipedia.org/wiki/List_of_towns_in_England,Yate
https://en.wikipedia.org/wiki/Yarm,https://en.wikipedia.org/wiki/List_of_towns_in_England,Yarm
https://en.wikipedia.org/wiki/Wyre_Forest_District,https://en.wikipedia.org/wiki/Newcastle-under-Lyme,Wyre Forest District
https://en.wikipedia.org/wiki/Basildon,https://en.wikipedia.org/wiki/List_of_towns_in_England,Basildon
"https://en.wikipedia.org/wiki/Wallingford,_Oxfordshire",https://en.wikipedia.org/wiki/List_of_towns_in_England,"Wallingford, Oxfordshire"
https://en.wikipedia.org/wiki/Stratford-upon-Avon,https://en.wikipedia.org/wiki/List_of_towns_in_England,Stratford-upon-Avon
https://en.wikipedia.org/wiki/Tetford,https://en.wikipedia.org/wiki/Skegness,Tetford
https://en.wikipedia.org/wiki/Tattershall_Thorpe,https://en.wikipedia.org/wiki/Skegness,Tattershall Thorpe
https://en.wikipedia.org/wiki/Tathwell,https://en.wikipedia.org/wiki/Skegness,Tathwell
https://en.wikipedia.org/wiki/Tetney,https://en.wikipedia.org/wiki/Skegness,Tetney
https://en.wikipedia.org/wiki/Tattershall,https://en.wikipedia.org/wiki/Skegness,Tattershall
https://en.wikipedia.org/wiki/Jedlina_Zdr%C3%B3j,https://en.wikipedia.org/wiki/List_of_towns_in_Poland,Jedlina-Zdrój
https://en.wikipedia.org/wiki/Jedlicze,https://en.wikipedia.org/wiki/List_of_towns_in_Poland,Jedlicze
https://en.wikipedia.org/wiki/Jaworzyna_%C5%9Al%C4%85ska,https://en.wikipedia.org/wiki/List_of_towns_in_Poland,Jaworzyna Śląska
https://en.wikipedia.org/wiki/Jedwabne,https://en.wikipedia.org/wiki/List_of_towns_in_Poland,Jedwabne
https://en.wikipedia.org/wiki/Jawor,https://en.wikipedia.org/wiki/List_of_towns_in_Poland,Jawor
https://en.wikipedia.org/wiki/Konstantyn%C3%B3w_%C5%81%C3%B3dzki,https://en.wikipedia.org/wiki/List_of_towns_in_Poland,Konstantynów Łódzki
https://en.wikipedia.org/wiki/Libi%C4%85%C5%BC,https://en.wikipedia.org/wiki/List_of_towns_in_Poland,Libiąż
https://en.wikipedia.org/wiki/L%C4%99dziny,https://en.wikipedia.org/wiki/List_of_towns_in_Poland,Lędziny
https://en.wikipedia.org/wiki/Lewin_Brzeski,https://en.wikipedia.org/wiki/List_of_towns_in_Poland,Lewin Brzeski
https://en.wikipedia.org/wiki/Le%C5%BCajsk,https://en.wikipedia.org/wiki/List_of_towns_in_Poland,Leżajsk
https://en.wikipedia.org/wiki/Miejska_G%C3%B3rka,https://en.wikipedia.org/wiki/List_of_towns_in_Poland,Miejska Górka
https://en.wikipedia.org/wiki/Ko%C5%84skie,https://en.wikipedia.org/wiki/List_of_towns_in_Poland,Końskie
https://en.wikipedia.org/wiki/Narol_(town),https://en.wikipedia.org/wiki/List_of_towns_in_Poland,"Narol, Poland"
https://en.wikipedia.org/wiki/Le%C5%9Bnica,https://en.wikipedia.org/wiki/List_of_towns_in_Poland,Leśnica
https://en.wikipedia.org/wiki/Na%C5%82%C4%99cz%C3%B3w,https://en.wikipedia.org/wiki/List_of_towns_in_Poland,Nałęczów
https://en.wikipedia.org/wiki/Nak%C5%82o_nad_Noteci%C4%85,https://en.wikipedia.org/wiki/List_of_towns_in_Poland,Nakło nad Notecią
https://en.wikipedia.org/wiki/My%C5%9Blenice,https://en.wikipedia.org/wiki/List_of_towns_in_Poland,Myślenice
https://en.wikipedia.org/wiki/Orneta,https://en.wikipedia.org/wiki/List_of_towns_in_Poland,Orneta
https://en.wikipedia.org/wiki/Jastrowie,https://en.wikipedia.org/wiki/List_of_towns_in_Poland,Jastrowie
https://en.wikipedia.org/wiki/Nasielsk,https://en.wikipedia.org/wiki/List_of_towns_in_Poland,Nasielsk
https://en.wikipedia.org/wiki/Pogorzela,https://en.wikipedia.org/wiki/List_of_towns_in_Poland,Pogorzela
https://en.wikipedia.org/wiki/Podkowa_Le%C5%9Bna,https://en.wikipedia.org/wiki/List_of_towns_in_Poland,Podkowa Leśna
https://en.wikipedia.org/wiki/Opole_Lubelskie,https://en.wikipedia.org/wiki/List_of_towns_in_Poland,Opole Lubelskie
https://en.wikipedia.org/wiki/Namys%C5%82%C3%B3w,https://en.wikipedia.org/wiki/List_of_towns_in_Poland,Namysłów
https://en.wikipedia.org/wiki/Polanica_Zdr%C3%B3j,https://en.wikipedia.org/wiki/List_of_towns_in_Poland,Polanica-Zdrój
https://en.wikipedia.org/wiki/L%C4%99bork,https://en.wikipedia.org/wiki/List_of_towns_in_Poland,Lębork
https://en.wikipedia.org/wiki/Podd%C4%99bice,https://en.wikipedia.org/wiki/List_of_towns_in_Poland,Poddębice
https://en.wikipedia.org/wiki/Rogo%C5%BAno,https://en.wikipedia.org/wiki/List_of_towns_in_Poland,Rogoźno
https://en.wikipedia.org/wiki/Soko%C5%82%C3%B3w_Ma%C5%82opolski,https://en.wikipedia.org/wiki/List_of_towns_in_Poland,Sokołów Małopolski
https://en.wikipedia.org/wiki/S%C5%82upca,https://en.wikipedia.org/wiki/List_of_towns_in_Poland,Słupca
https://en.wikipedia.org/wiki/Reszel,https://en.wikipedia.org/wiki/List_of_towns_in_Poland,Reszel
https://en.wikipedia.org/wiki/Sochaczew,https://en.wikipedia.org/wiki/List_of_towns_in_Poland,Sochaczew
https://en.wikipedia.org/wiki/%C5%9Awi%C4%85tniki_G%C3%B3rne,https://en.wikipedia.org/wiki/List_of_towns_in_Poland,Świątniki Górne
https://en.wikipedia.org/wiki/Stoczek_%C5%81ukowski,https://en.wikipedia.org/wiki/List_of_towns_in_Poland,Stoczek Łukowski
https://en.wikipedia.org/wiki/St%C4%99szew,https://en.wikipedia.org/wiki/List_of_towns_in_Poland,Stęszew
https://en.wikipedia.org/wiki/Sob%C3%B3tka,https://en.wikipedia.org/wiki/List_of_towns_in_Poland,Sobótka
https://en.wikipedia.org/wiki/S%C5%82omniki,https://en.wikipedia.org/wiki/List_of_towns_in_Poland,Słomniki
https://en.wikipedia.org/wiki/%C5%9Aroda_Wielkopolska,https://en.wikipedia.org/wiki/List_of_towns_in_Poland,Środa Wielkopolska
https://en.wikipedia.org/wiki/%C5%9Awidwin,https://en.wikipedia.org/wiki/List_of_towns_in_Poland,Świdwin
https://en.wikipedia.org/wiki/Zb%C4%85szynek,https://en.wikipedia.org/wiki/List_of_towns_in_Poland,Zbąszynek
https://en.wikipedia.org/wiki/Z%C4%85bki,https://en.wikipedia.org/wiki/List_of_towns_in_Poland,Ząbki
https://en.wikipedia.org/wiki/Polan%C3%B3w,https://en.wikipedia.org/wiki/List_of_towns_in_Poland,Polanów
https://en.wikipedia.org/wiki/%C5%9Aroda_%C5%9Al%C4%85ska,https://en.wikipedia.org/wiki/List_of_towns_in_Poland,Środa Śląska
"https://en.wikipedia.org/wiki/%C5%9Arem,_Poland",https://en.wikipedia.org/wiki/List_of_towns_in_Poland,Śrem
https://en.wikipedia.org/wiki/%C5%9Awidnik,https://en.wikipedia.org/wiki/List_of_towns_in_Poland,Świdnik
https://en.wikipedia.org/wiki/S%C5%82awno,https://en.wikipedia.org/wiki/List_of_towns_in_Poland,Sławno
https://en.wikipedia.org/wiki/Z%C4%85bkowice_%C5%9Al%C4%85skie,https://en.wikipedia.org/wiki/List_of_towns_in_Poland,Ząbkowice Śląskie
https://en.wikipedia.org/wiki/Zawid%C3%B3w,https://en.wikipedia.org/wiki/List_of_towns_in_Poland,Zawidów
https://en.wikipedia.org/wiki/W%C4%99gorzewo,https://en.wikipedia.org/wiki/List_of_towns_in_Poland,Węgorzewo
"https://en.wikipedia.org/wiki/Police,_Poland",https://en.wikipedia.org/wiki/List_of_towns_in_Poland,"Police, Poland"
https://en.wikipedia.org/wiki/W%C4%99gorzyno,https://en.wikipedia.org/wiki/List_of_towns_in_Poland,Węgorzyno
https://en.wikipedia.org/wiki/Ust-Kut,https://en.wikipedia.org/wiki/List_of_towns_in_Russia,Ust-Kut
https://en.wikipedia.org/wiki/Ust-Katav,https://en.wikipedia.org/wiki/List_of_towns_in_Russia,Ust-Katav
https://en.wikipedia.org/wiki/Ust-Ilimsk,https://en.wikipedia.org/wiki/List_of_towns_in_Russia,Ust-Ilimsk
"https://en.wikipedia.org/wiki/Volzhsky,_Volgograd_Oblast",https://en.wikipedia.org/wiki/List_of_towns_in_Russia,"Volzhsky, Volgograd Oblast"
https://en.wikipedia.org/wiki/Volsk,https://en.wikipedia.org/wiki/List_of_towns_in_Russia,Volsk
"https://en.wikipedia.org/wiki/Volosovo,_Volosovsky_District,_Leningrad_Oblast",https://en.wikipedia.org/wiki/List_of_towns_in_Russia,"Volosovo, Volosovsky District, Leningrad Oblast"
https://en.wikipedia.org/wiki/Yurga,https://en.wikipedia.org/wiki/List_of_towns_in_Russia,Yurga
https://en.wikipedia.org/wiki/Ussuriysk,https://en.wikipedia.org/wiki/List_of_towns_in_Russia,Ussuriysk
https://en.wikipedia.org/wiki/Zverevo,https://en.wikipedia.org/wiki/List_of_towns_in_Russia,Zverevo
"https://en.wikipedia.org/wiki/Yuryevets,_Ivanovo_Oblast",https://en.wikipedia.org/wiki/List_of_towns_in_Russia,"Yuryevets, Ivanovo Oblast"
"https://en.wikipedia.org/wiki/Zuyevka,_Kirov_Oblast",https://en.wikipedia.org/wiki/List_of_towns_in_Russia,"Zuyevka, Kirov Oblast"
https://en.wikipedia.org/wiki/List_of_cities_in_Macau,https://en.wikipedia.org/wiki/List_of_towns_in_Russia,Civic and Municipal Affairs Bureau
https://en.wikipedia.org/wiki/List_of_towns_in_Macau,https://en.wikipedia.org/wiki/List_of_towns_in_Russia,Civic and Municipal Affairs Bureau
https://en.wikipedia.org/wiki/Sanchursky_District,"https://en.wikipedia.org/wiki/Zuyevka,_Kirov_Oblast",Sanchursky District
https://en.wikipedia.org/wiki/Podosinovsky_District,"https://en.wikipedia.org/wiki/Zuyevka,_Kirov_Oblast",Podosinovsky District
https://en.wikipedia.org/wiki/Pizhansky_District,"https://en.wikipedia.org/wiki/Zuyevka,_Kirov_Oblast",Pizhansky District
https://en.wikipedia.org/wiki/Yuryansky_District,"https://en.wikipedia.org/wiki/Zuyevka,_Kirov_Oblast",Yuryansky District
https://en.wikipedia.org/wiki/Vyatskopolyansky_District,"https://en.wikipedia.org/wiki/Zuyevka,_Kirov_Oblast",Vyatskopolyansky District
https://en.wikipedia.org/wiki/Yaransky_District,"https://en.wikipedia.org/wiki/Zuyevka,_Kirov_Oblast",Yaransky District
https://en.wikipedia.org/wiki/Concelhos_and_freguesias_of_Macao,https://en.wikipedia.org/wiki/List_of_cities_in_Macau,Civic and Municipal Affairs Bureau
https://en.wikipedia.org/wiki/Wadi_Fara,https://en.wikipedia.org/wiki/Military_history_of_Australia_during_World_War_I,Wadi al-Far'a
https://en.wikipedia.org/wiki/Thinadhoo_(Vaavu_Atoll),https://en.wikipedia.org/wiki/Category:Populated_places_in_the_Maldives,Thinadhoo (Vaavu Atoll)
https://en.wikipedia.org/wiki/Khan_Tuman,https://en.wikipedia.org/wiki/Imperial_Service_Cavalry_Brigade,Khan Tuman
https://en.wikipedia.org/wiki/Haritan,https://en.wikipedia.org/wiki/Imperial_Service_Cavalry_Brigade,Haritan
https://en.wikipedia.org/wiki/Thinadhoo_(Gaafu_Dhaalu_Atoll),https://en.wikipedia.org/wiki/Category:Populated_places_in_the_Maldives,Thinadhoo (Gaafu Dhaalu Atoll)
https://en.wikipedia.org/wiki/Rathafandhoo,https://en.wikipedia.org/wiki/Category:Populated_places_in_the_Maldives,Rathafandhoo
https://en.wikipedia.org/wiki/Bapaume,https://en.wikipedia.org/wiki/Military_history_of_Australia_during_World_War_I,Bapaume
https://en.wikipedia.org/wiki/Campigneulles-les-Petites,https://en.wikipedia.org/wiki/Bapaume,Campigneulles-les-Petites
https://en.wikipedia.org/wiki/Campigneulles-les-Grandes,https://en.wikipedia.org/wiki/Bapaume,Campigneulles-les-Grandes
https://en.wikipedia.org/wiki/Cr%C3%A9quy,https://en.wikipedia.org/wiki/Bapaume,Créquy
https://en.wikipedia.org/wiki/Campagne-l%C3%A8s-Wardrecques,https://en.wikipedia.org/wiki/Bapaume,Campagne-lès-Wardrecques
"https://en.wikipedia.org/wiki/Croisette,_Pas-de-Calais",https://en.wikipedia.org/wiki/Bapaume,"Croisette, Pas-de-Calais"
https://en.wikipedia.org/wiki/Erny-Saint-Julien,https://en.wikipedia.org/wiki/Bapaume,Erny-Saint-Julien
https://en.wikipedia.org/wiki/%C3%89rin,https://en.wikipedia.org/wiki/Bapaume,Érin
https://en.wikipedia.org/wiki/Ergny,https://en.wikipedia.org/wiki/Bapaume,Ergny
"https://en.wikipedia.org/wiki/Cr%C3%A9py,_Pas-de-Calais",https://en.wikipedia.org/wiki/Bapaume,"Crépy, Pas-de-Calais"
https://en.wikipedia.org/wiki/Campagne-l%C3%A8s-Hesdin,https://en.wikipedia.org/wiki/Bapaume,Campagne-lès-Hesdin
https://en.wikipedia.org/wiki/Fr%C3%A9villers,https://en.wikipedia.org/wiki/Bapaume,Frévillers
https://en.wikipedia.org/wiki/Fr%C3%A9vent,https://en.wikipedia.org/wiki/Bapaume,Frévent
https://en.wikipedia.org/wiki/Cr%C3%A9marest,https://en.wikipedia.org/wiki/Bapaume,Crémarest
https://en.wikipedia.org/wiki/Fr%C3%A9vin-Capelle,https://en.wikipedia.org/wiki/Bapaume,Frévin-Capelle
https://en.wikipedia.org/wiki/Haut-Loquin,https://en.wikipedia.org/wiki/Bapaume,Haut-Loquin
https://en.wikipedia.org/wiki/Ivergny,https://en.wikipedia.org/wiki/Bapaume,Ivergny
https://en.wikipedia.org/wiki/Fr%C3%A9thun,https://en.wikipedia.org/wiki/Bapaume,Fréthun
"https://en.wikipedia.org/wiki/Hauteville,_Pas-de-Calais",https://en.wikipedia.org/wiki/Bapaume,"Hauteville, Pas-de-Calais"
https://en.wikipedia.org/wiki/Haute-Avesnes,https://en.wikipedia.org/wiki/Bapaume,Haute-Avesnes
https://en.wikipedia.org/wiki/Isques,https://en.wikipedia.org/wiki/Bapaume,Isques
https://en.wikipedia.org/wiki/Isbergues,https://en.wikipedia.org/wiki/Bapaume,Isbergues
https://en.wikipedia.org/wiki/Longfoss%C3%A9,https://en.wikipedia.org/wiki/Bapaume,Longfossé
https://en.wikipedia.org/wiki/Havrincourt,https://en.wikipedia.org/wiki/Bapaume,Havrincourt
https://en.wikipedia.org/wiki/Loison-sous-Lens,https://en.wikipedia.org/wiki/Bapaume,Loison-sous-Lens
https://en.wikipedia.org/wiki/La_Loge,https://en.wikipedia.org/wiki/Bapaume,La Loge
https://en.wikipedia.org/wiki/Locon,https://en.wikipedia.org/wiki/Bapaume,Locon
https://en.wikipedia.org/wiki/Martinpuich,https://en.wikipedia.org/wiki/Bapaume,Martinpuich
https://en.wikipedia.org/wiki/Marquion,https://en.wikipedia.org/wiki/Bapaume,Marquion
https://en.wikipedia.org/wiki/Loison-sur-Cr%C3%A9quoise,https://en.wikipedia.org/wiki/Bapaume,Loison-sur-Créquoise
https://en.wikipedia.org/wiki/Nielles-l%C3%A8s-Calais,https://en.wikipedia.org/wiki/Bapaume,Nielles-lès-Calais
"https://en.wikipedia.org/wiki/Marquise,_Pas-de-Calais",https://en.wikipedia.org/wiki/Bapaume,"Marquise, Pas-de-Calais"
https://en.wikipedia.org/wiki/Nielles-l%C3%A8s-Bl%C3%A9quin,https://en.wikipedia.org/wiki/Bapaume,Nielles-lès-Bléquin
https://en.wikipedia.org/wiki/Polincove,https://en.wikipedia.org/wiki/Bapaume,Polincove
https://en.wikipedia.org/wiki/Plouvain,https://en.wikipedia.org/wiki/Bapaume,Plouvain
https://en.wikipedia.org/wiki/Planques,https://en.wikipedia.org/wiki/Bapaume,Planques
https://en.wikipedia.org/wiki/Pittefaux,https://en.wikipedia.org/wiki/Bapaume,Pittefaux
https://en.wikipedia.org/wiki/Pihen-l%C3%A8s-Gu%C3%AEnes,https://en.wikipedia.org/wiki/Bapaume,Pihen-lès-Guînes
https://en.wikipedia.org/wiki/Ro%C3%ABllecourt,https://en.wikipedia.org/wiki/Bapaume,Roëllecourt
https://en.wikipedia.org/wiki/Saint-Pol-sur-Ternoise,https://en.wikipedia.org/wiki/Bapaume,Saint-Pol-sur-Ternoise
https://en.wikipedia.org/wiki/Saint-Omer-Capelle,https://en.wikipedia.org/wiki/Bapaume,Saint-Omer-Capelle
https://en.wikipedia.org/wiki/Pihem,https://en.wikipedia.org/wiki/Bapaume,Pihem
https://en.wikipedia.org/wiki/Saint-Venant,https://en.wikipedia.org/wiki/Bapaume,Saint-Venant
https://en.wikipedia.org/wiki/Saint-Tricat,https://en.wikipedia.org/wiki/Bapaume,Saint-Tricat
https://en.wikipedia.org/wiki/Saint-R%C3%A9my-au-Bois,https://en.wikipedia.org/wiki/Bapaume,Saint-Rémy-au-Bois
"https://en.wikipedia.org/wiki/Selles,_Pas-de-Calais",https://en.wikipedia.org/wiki/Bapaume,"Selles, Pas-de-Calais"
https://en.wikipedia.org/wiki/Savy-Berlette,https://en.wikipedia.org/wiki/Bapaume,Savy-Berlette
"https://en.wikipedia.org/wiki/Saint-Nicolas,_Pas-de-Calais",https://en.wikipedia.org/wiki/Bapaume,"Saint-Nicolas, Pas-de-Calais"
https://en.wikipedia.org/wiki/Communaut%C3%A9_urbaine_d%27Arras,"https://en.wikipedia.org/wiki/Saint-Nicolas,_Pas-de-Calais",Urban Community of Arras
https://en.wikipedia.org/wiki/Canton_of_Arras-Nord,"https://en.wikipedia.org/wiki/Saint-Nicolas,_Pas-de-Calais",Canton of Arras-Nord
https://en.wikipedia.org/wiki/Pas-de-Calais_(department),https://en.wikipedia.org/wiki/Category:Pas-de-Calais_geography_stubs,Pas-de-Calais
https://en.wikipedia.org/wiki/Charente-Maritime,https://en.wikipedia.org/wiki/Pas-de-Calais_(department),Charente-Maritime
https://en.wikipedia.org/wiki/Cher_(department),https://en.wikipedia.org/wiki/Pas-de-Calais_(department),Cher (department)
https://en.wikipedia.org/wiki/Cassis,https://en.wikipedia.org/wiki/Wolfgang_Paalen,Cassis
https://en.wikipedia.org/wiki/Saint-Tropez,https://en.wikipedia.org/wiki/Wolfgang_Paalen,Saint-Tropez
https://en.wikipedia.org/wiki/Others_(art_group),https://en.wikipedia.org/wiki/Surrealist,"Grantwood, New Jersey"
https://en.wikipedia.org/wiki/Rhuddlan,https://en.wikipedia.org/wiki/List_of_Anglo-Welsh_Wars,Rhuddlan
https://en.wikipedia.org/wiki/Senghennydd,https://en.wikipedia.org/wiki/List_of_Anglo-Welsh_Wars,Senghenydd
https://en.wikipedia.org/wiki/Pontlottyn,https://en.wikipedia.org/wiki/Senghennydd,Pontlottyn
https://en.wikipedia.org/wiki/Trethomas,https://en.wikipedia.org/wiki/Senghennydd,Trethomas
https://en.wikipedia.org/wiki/Machen,https://en.wikipedia.org/wiki/Senghennydd,Machen
"https://en.wikipedia.org/wiki/Nelson,_Caerphilly",https://en.wikipedia.org/wiki/Senghennydd,"Nelson, Caerphilly"
"https://en.wikipedia.org/wiki/Oakdale,_Caerphilly",https://en.wikipedia.org/wiki/Senghennydd,"Oakdale, Caerphilly"
https://en.wikipedia.org/wiki/Llanbedrog,https://en.wikipedia.org/wiki/Harlech_Castle,Llanbedrog
https://en.wikipedia.org/wiki/Llanberis,https://en.wikipedia.org/wiki/Harlech_Castle,Llanberis
https://en.wikipedia.org/wiki/Llanbedr,https://en.wikipedia.org/wiki/Harlech_Castle,Llanbedr
https://en.wikipedia.org/wiki/Fisht%C3%AB,https://en.wikipedia.org/wiki/Gjergj_Fishta,Fishtë
https://en.wikipedia.org/wiki/Drenov%C3%AB,https://en.wikipedia.org/wiki/Aleksand%C3%ABr_Stavre_Drenova,Drenovë
https://en.wikipedia.org/wiki/Voskop,https://en.wikipedia.org/wiki/Drenov%C3%AB,Voskop
https://en.wikipedia.org/wiki/Panarit,https://en.wikipedia.org/wiki/Drenov%C3%AB,Panarit
https://en.wikipedia.org/wiki/Moscopole,https://en.wikipedia.org/wiki/Drenov%C3%AB,Moscopole
https://en.wikipedia.org/wiki/Seloi_Malere,https://en.wikipedia.org/wiki/Timor-Leste,Seloi Malere
https://en.wikipedia.org/wiki/Seloi_Craic,https://en.wikipedia.org/wiki/Timor-Leste,Seloi Craic
https://en.wikipedia.org/wiki/Saboria,https://en.wikipedia.org/wiki/Timor-Leste,Saboria
https://en.wikipedia.org/wiki/Timor-Leste,https://en.wikipedia.org/wiki/Visa_policy_of_the_Schengen_Area,East Timor
https://en.wikipedia.org/wiki/Bangsamoro_(political_entity),https://en.wikipedia.org/wiki/Timor-Leste,Bangsamoro (political entity)
https://en.wikipedia.org/wiki/Muttrah,https://en.wikipedia.org/wiki/Timor-Leste,Muttrah
https://en.wikipedia.org/wiki/Asilah,https://en.wikipedia.org/wiki/Timor-Leste,Asilah
https://en.wikipedia.org/wiki/Ksar_es-Seghir,https://en.wikipedia.org/wiki/Timor-Leste,Ksar es-Seghir
https://en.wikipedia.org/wiki/%C4%90%C3%B4ng_Giang_District,https://en.wikipedia.org/wiki/Paracel_Islands,Đông Giang District
https://en.wikipedia.org/wiki/%C4%90i%E1%BB%87n_B%C3%A0n_District,https://en.wikipedia.org/wiki/Paracel_Islands,Điện Bàn District
https://en.wikipedia.org/wiki/%C4%90%E1%BA%A1i_L%E1%BB%99c_District,https://en.wikipedia.org/wiki/Paracel_Islands,Đại Lộc District
https://en.wikipedia.org/wiki/Duy_Xuy%C3%AAn_District,https://en.wikipedia.org/wiki/Paracel_Islands,Duy Xuyên District
https://en.wikipedia.org/wiki/Nam_Giang_District,https://en.wikipedia.org/wiki/Paracel_Islands,Nam Giang District
https://en.wikipedia.org/wiki/Hi%E1%BB%87p_%C4%90%E1%BB%A9c_District,https://en.wikipedia.org/wiki/Paracel_Islands,Hiệp Đức District
https://en.wikipedia.org/wiki/Nam_Tr%C3%A0_My_District,https://en.wikipedia.org/wiki/Paracel_Islands,Nam Trà My District
https://en.wikipedia.org/wiki/Kh%C3%A1nh_V%C4%A9nh_District,https://en.wikipedia.org/wiki/Paracel_Islands,Khánh Vĩnh District
https://en.wikipedia.org/wiki/Kodungallur,https://en.wikipedia.org/wiki/Timor-Leste,Kodungallur
https://en.wikipedia.org/wiki/Thoothukudi,https://en.wikipedia.org/wiki/Timor-Leste,Thoothukudi
https://en.wikipedia.org/wiki/Radslavice_(P%C5%99erov_District),https://en.wikipedia.org/wiki/List_of_horse_racing_venues,Radslavice (Přerov District)
https://en.wikipedia.org/wiki/Kudghat,https://en.wikipedia.org/wiki/Hugli-Chuchura,Kudghat
https://en.wikipedia.org/wiki/Jejur,https://en.wikipedia.org/wiki/Hugli-Chuchura,Jejur
https://en.wikipedia.org/wiki/Craon_(Mayenne),https://en.wikipedia.org/wiki/List_of_horse_racing_venues,"Craon, Mayenne"
https://en.wikipedia.org/wiki/Maniktala,https://en.wikipedia.org/wiki/Hugli-Chuchura,Maniktala
https://en.wikipedia.org/wiki/Kamarpukur,https://en.wikipedia.org/wiki/Hugli-Chuchura,Kamarpukur
https://en.wikipedia.org/wiki/Kumortuli,https://en.wikipedia.org/wiki/Hugli-Chuchura,Kumortuli
https://en.wikipedia.org/wiki/Sabl%C3%A9-sur-Sarthe,https://en.wikipedia.org/wiki/List_of_horse_racing_venues,Sablé-sur-Sarthe
https://en.wikipedia.org/wiki/Ch%C3%A2teaubriant,https://en.wikipedia.org/wiki/List_of_horse_racing_venues,Châteaubriant
https://en.wikipedia.org/wiki/Kidderpore,https://en.wikipedia.org/wiki/Hugli-Chuchura,Kidderpore
https://en.wikipedia.org/wiki/Hugli-Chuchura,https://en.wikipedia.org/wiki/Timor-Leste,Hugli-Chuchura
https://en.wikipedia.org/wiki/Gangarampur,https://en.wikipedia.org/wiki/Hugli-Chuchura,Gangarampur
https://en.wikipedia.org/wiki/Dinhata,https://en.wikipedia.org/wiki/Hugli-Chuchura,Dinhata
https://en.wikipedia.org/wiki/Egra,https://en.wikipedia.org/wiki/Hugli-Chuchura,Egra
https://en.wikipedia.org/wiki/Alipurduar_I_(community_development_block),https://en.wikipedia.org/wiki/Hugli-Chuchura,Alipurduar I (community development block)
https://en.wikipedia.org/wiki/Tufanganj,https://en.wikipedia.org/wiki/Hugli-Chuchura,Tufanganj
https://en.wikipedia.org/wiki/Binpur_II_(community_development_block),https://en.wikipedia.org/wiki/Hugli-Chuchura,Binpur II (community development block)
https://en.wikipedia.org/wiki/Diamond_Harbour,https://en.wikipedia.org/wiki/Hugli-Chuchura,Diamond Harbour
https://en.wikipedia.org/wiki/Dubrajpur,https://en.wikipedia.org/wiki/Hugli-Chuchura,Dubrajpur
https://en.wikipedia.org/wiki/Praha,https://en.wikipedia.org/wiki/List_of_horse_racing_venues,Prague
https://en.wikipedia.org/wiki/Bishnupur_II_(community_development_block),https://en.wikipedia.org/wiki/Hugli-Chuchura,Bishnupur II (community development block)
https://en.wikipedia.org/wiki/Bishnupur_I_(community_development_block),https://en.wikipedia.org/wiki/Hugli-Chuchura,Bishnupur I (community development block)
"https://en.wikipedia.org/wiki/Bishnupur,_Bankura_(community_development_block)",https://en.wikipedia.org/wiki/Hugli-Chuchura,"Bishnupur, Bankura (community development block)"
https://en.wikipedia.org/wiki/North_Barrackpur,https://en.wikipedia.org/wiki/Hugli-Chuchura,North Barrackpur
https://en.wikipedia.org/wiki/Jhalda_II_(community_development_block),https://en.wikipedia.org/wiki/Hugli-Chuchura,Jhalda II (community development block)
https://en.wikipedia.org/wiki/Jhalda_I_(community_development_block),https://en.wikipedia.org/wiki/Hugli-Chuchura,Jhalda I (community development block)
"https://en.wikipedia.org/wiki/North_Randall,_Ohio",https://en.wikipedia.org/wiki/List_of_horse_racing_venues,"North Randall, Ohio"
https://en.wikipedia.org/wiki/Binpur_I_(community_development_block),https://en.wikipedia.org/wiki/Hugli-Chuchura,Binpur I (community development block)
https://en.wikipedia.org/wiki/Gangajalghati_(community_development_block),https://en.wikipedia.org/wiki/Hugli-Chuchura,Gangajalghati (community development block)
https://en.wikipedia.org/wiki/North_Dumdum,https://en.wikipedia.org/wiki/Hugli-Chuchura,North Dumdum
https://en.wikipedia.org/wiki/Jaynagar_II_(community_development_block),https://en.wikipedia.org/wiki/Hugli-Chuchura,Jaynagar II (community development block)
https://en.wikipedia.org/wiki/Jaynagar_I_(community_development_block),https://en.wikipedia.org/wiki/Hugli-Chuchura,Jaynagar I (community development block)
https://en.wikipedia.org/wiki/Galsi_II_(community_development_block),https://en.wikipedia.org/wiki/Hugli-Chuchura,Galsi II (community development block)
https://en.wikipedia.org/wiki/Taki_(India),https://en.wikipedia.org/wiki/Hugli-Chuchura,Taki (India)
https://en.wikipedia.org/wiki/Kushmandi_(community_development_block),https://en.wikipedia.org/wiki/Hugli-Chuchura,Kushmandi (community development block)
"https://en.wikipedia.org/wiki/Valencia,_Carabobo",https://en.wikipedia.org/wiki/List_of_horse_racing_venues,"Valencia, Carabobo"
https://en.wikipedia.org/wiki/Narayangarh_(community_development_block),https://en.wikipedia.org/wiki/Hugli-Chuchura,Narayangarh (community development block)
https://en.wikipedia.org/wiki/Galsi_I_(community_development_block),https://en.wikipedia.org/wiki/Hugli-Chuchura,Galsi I (community development block)
https://en.wikipedia.org/wiki/Lalgola_(community_development_block),https://en.wikipedia.org/wiki/Hugli-Chuchura,Lalgola (community development block)
https://en.wikipedia.org/wiki/Labpur_(community_development_block),https://en.wikipedia.org/wiki/Hugli-Chuchura,Labpur (community development block)
https://en.wikipedia.org/wiki/Kurseong_(community_development_block),https://en.wikipedia.org/wiki/Hugli-Chuchura,Kurseong (community development block)
https://en.wikipedia.org/wiki/Naxalbari_(community_development_block),https://en.wikipedia.org/wiki/Hugli-Chuchura,Naxalbari (community development block)
https://en.wikipedia.org/wiki/Naoda_(community_development_block),https://en.wikipedia.org/wiki/Hugli-Chuchura,Naoda (community development block)
https://en.wikipedia.org/wiki/Nayagram_(community_development_block),https://en.wikipedia.org/wiki/Hugli-Chuchura,Nayagram (community development block)
https://en.wikipedia.org/wiki/Belda,https://en.wikipedia.org/wiki/Narayangarh_(community_development_block),Belda
https://en.wikipedia.org/wiki/Udaynarayanpur_(community_development_block),https://en.wikipedia.org/wiki/Hugli-Chuchura,Udaynarayanpur (community development block)
https://en.wikipedia.org/wiki/Tufanganj_II_(community_development_block),https://en.wikipedia.org/wiki/Hugli-Chuchura,Tufanganj II (community development block)
https://en.wikipedia.org/wiki/Barhampur_subdivision,https://en.wikipedia.org/wiki/Naoda_(community_development_block),Barhampur subdivision
https://en.wikipedia.org/wiki/Tehatta_I_(community_development_block),https://en.wikipedia.org/wiki/Hugli-Chuchura,Tehatta I (community development block)
https://en.wikipedia.org/wiki/Ranibandh_(community_development_block),https://en.wikipedia.org/wiki/Hugli-Chuchura,Ranibandh (community development block)
https://en.wikipedia.org/wiki/Rangli_Rangliot_(community_development_block),https://en.wikipedia.org/wiki/Hugli-Chuchura,Rangli Rangliot (community development block)
https://en.wikipedia.org/wiki/Maracaibo,https://en.wikipedia.org/wiki/List_of_horse_racing_venues,Maracaibo
https://en.wikipedia.org/wiki/Tehatta_II_(community_development_block),https://en.wikipedia.org/wiki/Hugli-Chuchura,Tehatta II (community development block)
https://en.wikipedia.org/wiki/Uluberia_II_(community_development_block),https://en.wikipedia.org/wiki/Hugli-Chuchura,Uluberia II (community development block)
https://en.wikipedia.org/wiki/Ciudad_Bol%C3%ADvar,https://en.wikipedia.org/wiki/List_of_horse_racing_venues,Ciudad Bolívar
"https://en.wikipedia.org/wiki/Deuli,_India",https://en.wikipedia.org/wiki/Narayangarh_(community_development_block),"Deuli, India"
https://en.wikipedia.org/wiki/Tufanganj_I_(community_development_block),https://en.wikipedia.org/wiki/Hugli-Chuchura,Tufanganj I (community development block)
https://en.wikipedia.org/wiki/Naoda_(Vidhan_Sabha_constituency),https://en.wikipedia.org/wiki/Naoda_(community_development_block),Naoda (Vidhan Sabha constituency)
https://en.wikipedia.org/wiki/Kalna_subdivision,https://en.wikipedia.org/wiki/Galsi_II_(community_development_block),Kalna subdivision
https://en.wikipedia.org/wiki/Bardhaman_Sadar_South_subdivision,https://en.wikipedia.org/wiki/Galsi_II_(community_development_block),Bardhaman Sadar South subdivision
https://en.wikipedia.org/wiki/Asansol_subdivision,https://en.wikipedia.org/wiki/Galsi_II_(community_development_block),Asansol subdivision
https://en.wikipedia.org/wiki/Morgram,https://en.wikipedia.org/wiki/Lalgola_(community_development_block),Morgram
https://en.wikipedia.org/wiki/Tamluk_(community_development_block),https://en.wikipedia.org/wiki/Hugli-Chuchura,Tamluk (community development block)
https://en.wikipedia.org/wiki/Katwa_subdivision,https://en.wikipedia.org/wiki/Galsi_II_(community_development_block),Katwa subdivision
"https://en.wikipedia.org/wiki/Waria,_India",https://en.wikipedia.org/wiki/Raniganj,"Waria, India"
https://en.wikipedia.org/wiki/Sitarampur,https://en.wikipedia.org/wiki/Raniganj,Sitarampur
"https://en.wikipedia.org/wiki/Saktigarh,_Bardhaman",https://en.wikipedia.org/wiki/Raniganj,"Saktigarh, Bardhaman"
https://en.wikipedia.org/wiki/Santipur_(Vidhan_Sabha_constituency),https://en.wikipedia.org/wiki/Tehatta_I_(community_development_block),Santipur (Vidhan Sabha constituency)
https://en.wikipedia.org/wiki/Raniganj,https://en.wikipedia.org/wiki/Galsi_II_(community_development_block),Raniganj
https://en.wikipedia.org/wiki/Kulti,https://en.wikipedia.org/wiki/Galsi_II_(community_development_block),Kulti
https://en.wikipedia.org/wiki/Ranaghat_Uttar_Paschim_(Vidhan_Sabha_constituency),https://en.wikipedia.org/wiki/Tehatta_I_(community_development_block),Ranaghat Uttar Paschim (Vidhan Sabha constituency)
"https://en.wikipedia.org/wiki/Aurangabad,_Murshidabad_(Vidhan_Sabha_constituency)",https://en.wikipedia.org/wiki/Lalgola_(community_development_block),"Aurangabad, Murshidabad (Vidhan Sabha constituency)"
https://en.wikipedia.org/wiki/Krishnanagar_Dakshin_(Vidhan_Sabha_constituency),https://en.wikipedia.org/wiki/Tehatta_I_(community_development_block),Krishnanagar Dakshin (Vidhan Sabha constituency)
https://en.wikipedia.org/wiki/Palamu_district,https://en.wikipedia.org/wiki/Barakar_River,Palamu district
https://en.wikipedia.org/wiki/Jamuria,https://en.wikipedia.org/wiki/Galsi_II_(community_development_block),Jamuria
https://en.wikipedia.org/wiki/Bokaro_district,https://en.wikipedia.org/wiki/Barakar_River,Bokaro district
https://en.wikipedia.org/wiki/Chirkunda,https://en.wikipedia.org/wiki/Panchet_Dam,Chirkunda
https://en.wikipedia.org/wiki/Ramgarh_district,https://en.wikipedia.org/wiki/Barakar_River,Ramgarh district
https://en.wikipedia.org/wiki/Bermo_block,https://en.wikipedia.org/wiki/Panchet_Dam,Bermo block
https://en.wikipedia.org/wiki/Dumri_sub-division,https://en.wikipedia.org/wiki/Panchet_Dam,Dumri sub-division
https://en.wikipedia.org/wiki/Gandey_block,https://en.wikipedia.org/wiki/Panchet_Dam,Gandey block
"https://en.wikipedia.org/wiki/Dumri,_Giridih_(community_development_block)",https://en.wikipedia.org/wiki/Panchet_Dam,"Dumri, Giridih (community development block)"
https://en.wikipedia.org/wiki/Khuri_Mahua_subdivision,https://en.wikipedia.org/wiki/Panchet_Dam,Khuri Mahua subdivision
https://en.wikipedia.org/wiki/Chandankiyari_(community_development_block),https://en.wikipedia.org/wiki/Panchet_Dam,Chandankiyari (community development block)
https://en.wikipedia.org/wiki/Sewai,https://en.wikipedia.org/wiki/Bokaro_district,Sewai
https://en.wikipedia.org/wiki/Saunda,https://en.wikipedia.org/wiki/Bokaro_district,Saunda
"https://en.wikipedia.org/wiki/Sirka,_India",https://en.wikipedia.org/wiki/Bokaro_district,"Sirka, India"
https://en.wikipedia.org/wiki/Krishnanagar_II_(Community_development_block),https://en.wikipedia.org/wiki/Krishnanagar_Dakshin_(Vidhan_Sabha_constituency),Krishnanagar II (community development block)
"https://en.wikipedia.org/wiki/Springfield,_Vermont",https://en.wikipedia.org/wiki/The_Simpsons_(franchise),"Springfield, Vermont"
"https://en.wikipedia.org/wiki/Century_City,_Los_Angeles",https://en.wikipedia.org/wiki/Warner_Bros,"Century City, Los Angeles"
"https://en.wikipedia.org/wiki/Van_Nuys,_Los_Angeles",https://en.wikipedia.org/wiki/Star_Wars_Episode_IV:_A_New_Hope,"Van Nuys, Los Angeles"
"https://en.wikipedia.org/wiki/China_Lake_Acres,_California",https://en.wikipedia.org/wiki/Star_Wars_Episode_IV:_A_New_Hope,"China Lake Acres, California"
"https://en.wikipedia.org/wiki/Waycross,_Georgia",https://en.wikipedia.org/wiki/Hofwyl-Broadfield_Plantation_Historic_Site,"Waycross, Georgia"
"https://en.wikipedia.org/wiki/Randolph_County,_Alabama",https://en.wikipedia.org/wiki/Gulf_South,"Randolph County, Alabama"
"https://en.wikipedia.org/wiki/Russell_County,_Alabama",https://en.wikipedia.org/wiki/Gulf_South,"Russell County, Alabama"
"https://en.wikipedia.org/wiki/Hendry_County,_Florida",https://en.wikipedia.org/wiki/Gulf_South,"Hendry County, Florida"
"https://en.wikipedia.org/wiki/Hardee_County,_Florida",https://en.wikipedia.org/wiki/Gulf_South,"Hardee County, Florida"
"https://en.wikipedia.org/wiki/Pike_County,_Alabama",https://en.wikipedia.org/wiki/Gulf_South,"Pike County, Alabama"
"https://en.wikipedia.org/wiki/Hamilton_County,_Florida",https://en.wikipedia.org/wiki/Gulf_South,"Hamilton County, Florida"
"https://en.wikipedia.org/wiki/Hattiesburg,_Mississippi",https://en.wikipedia.org/wiki/The_Daily_Reveille,"Hattiesburg, Mississippi"
"https://en.wikipedia.org/wiki/Humphreys_County,_Mississippi",https://en.wikipedia.org/wiki/Gulf_South,"Humphreys County, Mississippi"
"https://en.wikipedia.org/wiki/Itta_Bena,_Mississippi",https://en.wikipedia.org/wiki/Gulf_South,"Itta Bena, Mississippi"
"https://en.wikipedia.org/wiki/Issaquena_County,_Mississippi",https://en.wikipedia.org/wiki/Gulf_South,"Issaquena County, Mississippi"
"https://en.wikipedia.org/wiki/Webster_County,_Mississippi",https://en.wikipedia.org/wiki/Gulf_South,"Webster County, Mississippi"
"https://en.wikipedia.org/wiki/Hancock_County,_Mississippi",https://en.wikipedia.org/wiki/Gulf_South,"Hancock County, Mississippi"
"https://en.wikipedia.org/wiki/Wayne_County,_Mississippi",https://en.wikipedia.org/wiki/Gulf_South,"Wayne County, Mississippi"
"https://en.wikipedia.org/wiki/Winston_County,_Mississippi",https://en.wikipedia.org/wiki/Gulf_South,"Winston County, Mississippi"
"https://en.wikipedia.org/wiki/Holmes_County,_Mississippi",https://en.wikipedia.org/wiki/Gulf_South,"Holmes County, Mississippi"
"https://en.wikipedia.org/wiki/Hinds_County,_Mississippi",https://en.wikipedia.org/wiki/Gulf_South,"Hinds County, Mississippi"
"https://en.wikipedia.org/wiki/Wilkinson_County,_Mississippi",https://en.wikipedia.org/wiki/Gulf_South,"Wilkinson County, Mississippi"
"https://en.wikipedia.org/wiki/Indianola,_Mississippi",https://en.wikipedia.org/wiki/Gulf_South,"Indianola, Mississippi"
"https://en.wikipedia.org/wiki/Horn_Lake,_Mississippi",https://en.wikipedia.org/wiki/Gulf_South,"Horn Lake, Mississippi"
"https://en.wikipedia.org/wiki/Yazoo_County,_Mississippi",https://en.wikipedia.org/wiki/Gulf_South,"Yazoo County, Mississippi"
"https://en.wikipedia.org/wiki/Yalobusha_County,_Mississippi",https://en.wikipedia.org/wiki/Gulf_South,"Yalobusha County, Mississippi"
"https://en.wikipedia.org/wiki/Oloh,_Mississippi","https://en.wikipedia.org/wiki/Hattiesburg,_Mississippi","Oloh, Mississippi"
"https://en.wikipedia.org/wiki/Lafayette_County,_Arkansas","https://en.wikipedia.org/wiki/Floyd_D._Culbertson,_Jr.","Lafayette County, Arkansas"
"https://en.wikipedia.org/wiki/Harris_County,_Texas",https://en.wikipedia.org/wiki/List_of_people_from_Louisiana,"Harris County, Texas"
https://en.wikipedia.org/wiki/Cremona,https://en.wikipedia.org/wiki/Edmond_Dede,Cremona
"https://en.wikipedia.org/wiki/Fresno,_Texas","https://en.wikipedia.org/wiki/Harris_County,_Texas","Fresno, Texas"
"https://en.wikipedia.org/wiki/Jersey_Village,_Texas","https://en.wikipedia.org/wiki/Harris_County,_Texas","Jersey Village, Texas"
"https://en.wikipedia.org/wiki/Jacinto_City,_Texas","https://en.wikipedia.org/wiki/Harris_County,_Texas","Jacinto City, Texas"
"https://en.wikipedia.org/wiki/Texas_City,_Texas","https://en.wikipedia.org/wiki/Harris_County,_Texas","Texas City, Texas"
"https://en.wikipedia.org/wiki/Hunters_Creek_Village,_Texas","https://en.wikipedia.org/wiki/Harris_County,_Texas","Hunters Creek Village, Texas"
"https://en.wikipedia.org/wiki/Colorado_County,_Texas","https://en.wikipedia.org/wiki/Harris_County,_Texas","Colorado County, Texas"
"https://en.wikipedia.org/wiki/Collingsworth_County,_Texas","https://en.wikipedia.org/wiki/Harris_County,_Texas","Collingsworth County, Texas"
"https://en.wikipedia.org/wiki/Hardeman_County,_Texas","https://en.wikipedia.org/wiki/Harris_County,_Texas","Hardeman County, Texas"
"https://en.wikipedia.org/wiki/Hansford_County,_Texas","https://en.wikipedia.org/wiki/Harris_County,_Texas","Hansford County, Texas"
"https://en.wikipedia.org/wiki/Rosenberg,_Texas","https://en.wikipedia.org/wiki/Harris_County,_Texas","Rosenberg, Texas"
"https://en.wikipedia.org/wiki/Comal_County,_Texas","https://en.wikipedia.org/wiki/Harris_County,_Texas","Comal County, Texas"
"https://en.wikipedia.org/wiki/Martin_County,_Texas","https://en.wikipedia.org/wiki/Harris_County,_Texas","Martin County, Texas"
"https://en.wikipedia.org/wiki/Schleicher_County,_Texas","https://en.wikipedia.org/wiki/Harris_County,_Texas","Schleicher County, Texas"
"https://en.wikipedia.org/wiki/San_Jacinto_County,_Texas","https://en.wikipedia.org/wiki/Harris_County,_Texas","San Jacinto County, Texas"
"https://en.wikipedia.org/wiki/Hamilton_County,_Texas","https://en.wikipedia.org/wiki/Harris_County,_Texas","Hamilton County, Texas"
"https://en.wikipedia.org/wiki/Mason_County,_Texas","https://en.wikipedia.org/wiki/Harris_County,_Texas","Mason County, Texas"
"https://en.wikipedia.org/wiki/San_Saba_County,_Texas","https://en.wikipedia.org/wiki/Harris_County,_Texas","San Saba County, Texas"
"https://en.wikipedia.org/wiki/San_Patricio_County,_Texas","https://en.wikipedia.org/wiki/Harris_County,_Texas","San Patricio County, Texas"
"https://en.wikipedia.org/wiki/Algoa,_Texas","https://en.wikipedia.org/wiki/Texas_City,_Texas","Algoa, Texas"
"https://en.wikipedia.org/wiki/Yell_County,_Arkansas","https://en.wikipedia.org/wiki/Lafayette_County,_Arkansas","Yell County, Arkansas"
"https://en.wikipedia.org/wiki/White_County,_Arkansas","https://en.wikipedia.org/wiki/Lafayette_County,_Arkansas","White County, Arkansas"
"https://en.wikipedia.org/wiki/San_Augustine_County,_Texas","https://en.wikipedia.org/wiki/Harris_County,_Texas","San Augustine County, Texas"
"https://en.wikipedia.org/wiki/Zavala_County,_Texas","https://en.wikipedia.org/wiki/Harris_County,_Texas","Zavala County, Texas"
"https://en.wikipedia.org/wiki/Zapata_County,_Texas","https://en.wikipedia.org/wiki/Harris_County,_Texas","Zapata County, Texas"
"https://en.wikipedia.org/wiki/San_Ignacio,_Texas","https://en.wikipedia.org/wiki/Zapata_County,_Texas","San Ygnacio, Texas"
https://en.wikipedia.org/wiki/Winburg,https://en.wikipedia.org/wiki/Category:Populated_places_established_in_1837,Winburg
"https://en.wikipedia.org/wiki/Mauriceville,_Texas",https://en.wikipedia.org/wiki/Eighty-second_Texas_Legislature,"Mauriceville, Texas"
"https://en.wikipedia.org/wiki/Giddings,_Texas",https://en.wikipedia.org/wiki/Eighty-second_Texas_Legislature,"Giddings, Texas"
"https://en.wikipedia.org/wiki/Paris,_Texas",https://en.wikipedia.org/wiki/Eighty-second_Texas_Legislature,"Paris, Texas"
"https://en.wikipedia.org/wiki/Lampasas,_Texas",https://en.wikipedia.org/wiki/Eighty-second_Texas_Legislature,"Lampasas, Texas"
"https://en.wikipedia.org/wiki/River_Oaks,_Texas",https://en.wikipedia.org/wiki/Eighty-second_Texas_Legislature,"River Oaks, Texas"
"https://en.wikipedia.org/wiki/Crosbyton,_Texas",https://en.wikipedia.org/wiki/Eighty-second_Texas_Legislature,"Crosbyton, Texas"
"https://en.wikipedia.org/wiki/Jayton,_Texas","https://en.wikipedia.org/wiki/Giddings,_Texas","Jayton, Texas"
"https://en.wikipedia.org/wiki/Daingerfield,_Texas","https://en.wikipedia.org/wiki/Giddings,_Texas","Daingerfield, Texas"
"https://en.wikipedia.org/wiki/Palo_Pinto,_Texas","https://en.wikipedia.org/wiki/Giddings,_Texas","Palo Pinto, Texas"
"https://en.wikipedia.org/wiki/Paint_Rock,_Texas","https://en.wikipedia.org/wiki/Giddings,_Texas","Paint Rock, Texas"
"https://en.wikipedia.org/wiki/Johnson_City,_Texas","https://en.wikipedia.org/wiki/Giddings,_Texas","Johnson City, Texas"
"https://en.wikipedia.org/wiki/Ozona,_Texas","https://en.wikipedia.org/wiki/Giddings,_Texas","Ozona, Texas"
"https://en.wikipedia.org/wiki/Newton,_Texas","https://en.wikipedia.org/wiki/Giddings,_Texas","Newton, Texas"
"https://en.wikipedia.org/wiki/Sterling_City,_Texas","https://en.wikipedia.org/wiki/Giddings,_Texas","Sterling City, Texas"
"https://en.wikipedia.org/wiki/Jacksboro,_Texas","https://en.wikipedia.org/wiki/Giddings,_Texas","Jacksboro, Texas"
"https://en.wikipedia.org/wiki/Dalhart,_Texas","https://en.wikipedia.org/wiki/Giddings,_Texas","Dalhart, Texas"
"https://en.wikipedia.org/wiki/Jourdanton,_Texas","https://en.wikipedia.org/wiki/Giddings,_Texas","Jourdanton, Texas"
"https://en.wikipedia.org/wiki/Stratford,_Texas","https://en.wikipedia.org/wiki/Giddings,_Texas","Stratford, Texas"
"https://en.wikipedia.org/wiki/Stinnett,_Texas","https://en.wikipedia.org/wiki/Giddings,_Texas","Stinnett, Texas"
"https://en.wikipedia.org/wiki/Sonora,_Texas","https://en.wikipedia.org/wiki/Giddings,_Texas","Sonora, Texas"
"https://en.wikipedia.org/wiki/Pittsburgh,_Ohio",https://en.wikipedia.org/wiki/Buster_Clarkson,"Pitsburg, Ohio"
"https://en.wikipedia.org/wiki/Adamsville,_Alabama",https://en.wikipedia.org/wiki/Henry_E._Erwin,"Adamsville, Alabama"
"https://en.wikipedia.org/wiki/Holladay,_Utah",https://en.wikipedia.org/wiki/G._Carlos_Smith,"Holladay, Utah"
"https://en.wikipedia.org/wiki/Granite,_Utah","https://en.wikipedia.org/wiki/Holladay,_Utah","Granite, Utah"
"https://en.wikipedia.org/wiki/Amherst,_Ohio",https://en.wikipedia.org/wiki/List_of_presidents_of_The_Church_of_Jesus_Christ_of_Latter-day_Saints,"Amherst, Ohio"
"https://en.wikipedia.org/wiki/Pueblo,_Colorado","https://en.wikipedia.org/wiki/Holladay,_Utah","Pueblo, Colorado"
"https://en.wikipedia.org/wiki/Manhattan_Beach,_California",https://en.wikipedia.org/wiki/W._Christopher_Waddell,"Manhattan Beach, California"
https://en.wikipedia.org/wiki/Abruzzi,https://en.wikipedia.org/wiki/Italian_Constitution,Abruzzo
https://en.wikipedia.org/wiki/The_Marches,https://en.wikipedia.org/wiki/Italian_Constitution,Marche
https://en.wikipedia.org/wiki/Nola,https://en.wikipedia.org/wiki/List_of_Italians,Nola
https://en.wikipedia.org/wiki/Torremaggiore,https://en.wikipedia.org/wiki/Sacco_and_Vanzetti,Torremaggiore
https://en.wikipedia.org/wiki/Province_of_Foggia,https://en.wikipedia.org/wiki/Sacco_and_Vanzetti,Province of Foggia
https://en.wikipedia.org/wiki/Savignano_sul_Rubicone,https://en.wikipedia.org/wiki/Sacco_and_Vanzetti,Savignano sul Rubicone
"https://en.wikipedia.org/wiki/Roane_County,_West_Virginia",https://en.wikipedia.org/wiki/Harry_C._Woodyard,"Roane County, West Virginia"
"https://en.wikipedia.org/wiki/Spencer,_West_Virginia",https://en.wikipedia.org/wiki/Harry_C._Woodyard,"Spencer, West Virginia"
https://en.wikipedia.org/wiki/Bryan-College_Station_metropolitan_area,https://en.wikipedia.org/wiki/Texas_A%26M,College Station–Bryan metropolitan area
"https://en.wikipedia.org/wiki/Milford,_New_Hampshire",https://en.wikipedia.org/wiki/Nashua_Telegraph,"Milford, New Hampshire"
https://en.wikipedia.org/wiki/Brazos_County,https://en.wikipedia.org/wiki/Texas_A%26M,"Brazos County, Texas"
https://en.wikipedia.org/wiki/College_Station,https://en.wikipedia.org/wiki/Texas_A%26M,"College Station, Texas"
"https://en.wikipedia.org/wiki/North_Providence,_Rhode_Island","https://en.wikipedia.org/wiki/Milford,_New_Hampshire","North Providence, Rhode Island"
"https://en.wikipedia.org/wiki/Norwood,_Massachusetts","https://en.wikipedia.org/wiki/Milford,_New_Hampshire","Norwood, Massachusetts"
"https://en.wikipedia.org/wiki/Rochester,_New_Hampshire","https://en.wikipedia.org/wiki/Milford,_New_Hampshire","Rochester, New Hampshire"
"https://en.wikipedia.org/wiki/University,_Orange_County,_North_Carolina","https://en.wikipedia.org/wiki/National_Register_of_Historic_Places_listings_in_Orange_County,_North_Carolina","University, Orange County, North Carolina"
"https://en.wikipedia.org/wiki/Kings_Grant,_North_Carolina","https://en.wikipedia.org/wiki/National_Register_of_Historic_Places_listings_in_New_Hanover_County,_North_Carolina","Kings Grant, North Carolina"
"https://en.wikipedia.org/wiki/Masonboro,_North_Carolina","https://en.wikipedia.org/wiki/National_Register_of_Historic_Places_listings_in_New_Hanover_County,_North_Carolina","Masonboro, North Carolina"
"https://en.wikipedia.org/wiki/Monkey_Junction,_North_Carolina","https://en.wikipedia.org/wiki/National_Register_of_Historic_Places_listings_in_New_Hanover_County,_North_Carolina","Monkey Junction, North Carolina"
"https://en.wikipedia.org/wiki/Wilmington_Beach,_North_Carolina","https://en.wikipedia.org/wiki/National_Register_of_Historic_Places_listings_in_New_Hanover_County,_North_Carolina","Wilmington Beach, North Carolina"
"https://en.wikipedia.org/wiki/Kirkland,_North_Carolina","https://en.wikipedia.org/wiki/National_Register_of_Historic_Places_listings_in_New_Hanover_County,_North_Carolina","Kirkland, North Carolina"
https://en.wikipedia.org/wiki/Pleasure_Island_(North_Carolina),"https://en.wikipedia.org/wiki/Wilmington_Beach,_North_Carolina",Pleasure Island (North Carolina)
"https://en.wikipedia.org/wiki/Bell_Arthur,_North_Carolina",https://en.wikipedia.org/wiki/Category:Eastern_North_Carolina_geography_stubs,"Bell Arthur, North Carolina"
"https://en.wikipedia.org/wiki/Bell_Fork,_North_Carolina",https://en.wikipedia.org/wiki/Category:Eastern_North_Carolina_geography_stubs,"Bell Fork, North Carolina"
"https://en.wikipedia.org/wiki/Gulrock,_North_Carolina",https://en.wikipedia.org/wiki/Category:Eastern_North_Carolina_geography_stubs,"Gulrock, North Carolina"
"https://en.wikipedia.org/wiki/Burgaw,_North_Carolina",https://en.wikipedia.org/wiki/North_Carolina_Highway_132,"Burgaw, North Carolina"
"https://en.wikipedia.org/wiki/Winton,_North_Carolina",https://en.wikipedia.org/wiki/List_of_state_highways_in_North_Carolina,"Winton, North Carolina"
"https://en.wikipedia.org/wiki/Warrenton,_North_Carolina",https://en.wikipedia.org/wiki/List_of_state_highways_in_North_Carolina,"Warrenton, North Carolina"
"https://en.wikipedia.org/wiki/Colerain,_North_Carolina",https://en.wikipedia.org/wiki/List_of_state_highways_in_North_Carolina,"Colerain, North Carolina"
"https://en.wikipedia.org/wiki/Rural_Hall,_North_Carolina",https://en.wikipedia.org/wiki/List_of_state_highways_in_North_Carolina,"Rural Hall, North Carolina"
"https://en.wikipedia.org/wiki/Carthage,_North_Carolina",https://en.wikipedia.org/wiki/List_of_state_highways_in_North_Carolina,"Carthage, North Carolina"
"https://en.wikipedia.org/wiki/Weddington,_North_Carolina",https://en.wikipedia.org/wiki/List_of_state_highways_in_North_Carolina,"Weddington, North Carolina"
"https://en.wikipedia.org/wiki/City_of_Industry,_California",https://en.wikipedia.org/wiki/Category:People_from_the_San_Gabriel_Valley,"Industry, California"
"https://en.wikipedia.org/wiki/Brilliant,_Alabama",https://en.wikipedia.org/wiki/Category:Populated_places_established_in_1957,"Brilliant, Alabama"
"https://en.wikipedia.org/wiki/Chinatown,_Flushing",https://en.wikipedia.org/wiki/First_American_International_Bank,Chinatowns in Queens
"https://en.wikipedia.org/wiki/Ozone_Park,_Queens","https://en.wikipedia.org/wiki/Chinatown,_Flushing","Ozone Park, Queens"
https://en.wikipedia.org/wiki/Waterpark_National_School,https://en.wikipedia.org/wiki/Waterford_F.C.,Waterford
https://en.wikipedia.org/wiki/Tooraneena,https://en.wikipedia.org/wiki/Waterpark_National_School,Tooraneena
https://en.wikipedia.org/wiki/Villierstown,https://en.wikipedia.org/wiki/Waterpark_National_School,Villierstown
https://en.wikipedia.org/wiki/Killybegs,https://en.wikipedia.org/wiki/Category:Populated_coastal_places_in_the_Republic_of_Ireland,Killybegs
https://en.wikipedia.org/wiki/Coolestown,https://en.wikipedia.org/wiki/Category:Ireland_geography_stubs,Coolestown
